<?xml version="1.0" encoding="UTF-8"?>
<beans xmlns="http://www.springframework.org/schema/beans"
       xmlns:xsi="http://www.w3.org/2001/XMLSchema-instance"
       xmlns:mvc="http://www.springframework.org/schema/mvc"
       xmlns:context="http://www.springframework.org/schema/context"
       xsi:schemaLocation="http://www.springframework.org/schema/beans
                       http://www.springframework.org/schema/beans/spring-beans.xsd
                       http://www.springframework.org/schema/mvc
                       http://www.springframework.org/schema/mvc/spring-mvc.xsd
                       http://www.springframework.org/schema/context
                       http://www.springframework.org/schema/context/spring-context-3.2.xsd">
    <!--
        包扫描器
     -->
    <context:component-scan base-package="com.gdbd"/>
    <!--
        引入jdbc配置
     -->
    <context:property-placeholder location="classpath:config.properties"/>
    <!--
        使用druid数据源配置
    -->
    <bean id="dataSource" class="com.alibaba.druid.pool.DruidDataSource">
        <property name="driverClassName" value="${jdbc.driver}"/>
        <property name="url" value="${jdbc.url}"/>
        <property name="username" value="${jdbc.username}"/>
        <property name="password" value="${jdbc.password}"/>
    </bean>
    <!--
        配置SqlSessionFactoryBean
    -->
    <bean id="sqlSessionFactory" class="org.mybatis.spring.SqlSessionFactoryBean">
        <!--绑定数据源-->
        <property name="dataSource" ref="dataSource"/>
        <!--绑定mybatis大配置文件-->
        <property name="configLocation" value="classpath:mybatis/mybatis-config.xml"/>
        <property name="mapperLocations">
            <list>
                <value>classpath:mapper/*.xml</value>
            </list>
        </property>
    </bean>
    <!--
        装配Mapper
     -->
    <bean class="org.mybatis.spring.mapper.MapperScannerConfigurer">
        <property name="basePackage" value="com.gdbd.mapper"></property>
    </bean>


    <mvc:annotation-driven/>
    <mvc:default-servlet-handler/>
    <!--
        视图
     -->
    <bean class="org.springframework.web.servlet.view.InternalResourceViewResolver">
        <property name="prefix" value="/"></property>
        <property name="suffix" value=".jsp"></property>
    </bean>


</beans>
