<?xml version="1.0" encoding="UTF-8"?>
<beans xmlns="http://www.springframework.org/schema/beans"
       xmlns:xsi="http://www.w3.org/2001/XMLSchema-instance"
       xsi:schemaLocation="http://www.springframework.org/schema/beans http://www.springframework.org/schema/beans/spring-beans.xsd">

    <!-- =========================================================
         Shiro Core Components - Not Spring Specific
         ========================================================= -->
    <!-- Shiro's main business-tier object for web-enabled applications
         (use DefaultSecurityManager instead when there is no web environment)-->
    <!--
        1. 配置 SecurityManager! 安全管理器
    -->
    <bean id="securityManager" class="org.apache.shiro.web.mgt.DefaultWebSecurityManager">
        <!--缓存引用-->
        <property name="cacheManager" ref="cacheManager"/>
        <!--配置多个 Realm：ModularRealmAuthenticator-->
        <property name="authenticator" ref="authenticator"/>
        <!-- Single realm app.  If you have multiple realms, use the 'realms' property instead. -->
        <!--<property name="sessionMode" value="native"/>-->
        <!--单个 Realm-->
        <!--<property name="realm" ref="jdbcRealm"/>-->
        <property name="realms">
            <list>
                <ref bean="jdbcRealm"/>
                <ref bean="SecondRealm"/>
            </list>
        </property>
        <!--
            记住我的失效时间设置
        -->
        <property name="rememberMeManager" ref="rememberMeManager"/>
    </bean>

    <!--
        Cookie 【token.setRememberMe(true);】记住我失效时间设置
    -->
    <bean id="rememberMeCookie" class="org.apache.shiro.web.servlet.SimpleCookie">
        <constructor-arg value="rememberMe"/>
        <property name="httpOnly" value="true"/>
        <property name="maxAge" value="2592000"/>
    </bean>
    <bean id="rememberMeManager" class="org.apache.shiro.web.mgt.CookieRememberMeManager">
        <property name="cipherKey" value="#{T(org.apache.shiro.codec.Base64).decode('4AvVhmFLUsOKTA3Kprsdag==')}"/>
        <property name="cookie" ref="rememberMeCookie"/>
    </bean>


    <!-- Let's use some enterprise caching support for better performance.  You can replace this with any enterprise
         caching framework implementation that you like (Terracotta+Ehcache, Coherence, GigaSpaces, etc -->
    <!--
        2. 配置 CacheManager.
        2.1 需要加入 ehcache 的 jar 包及配置文件.
    -->
    <bean id="cacheManager" class="org.apache.shiro.cache.ehcache.EhCacheManager">
        <!-- Set a net.sf.ehcache.CacheManager instance here if you already have one.  If not, a new one
             will be creaed with a default config:
             <property name="cacheManager" ref="ehCacheManager"/> -->
        <!-- If you don't have a pre-built net.sf.ehcache.CacheManager instance to inject, but you want
             a specific Ehcache configuration to be used, specify that here.  If you don't, a default
             will be used.:-->
        <property name="cacheManagerConfigFile" value="classpath:ehcache.xml"/>
    </bean>

    <!--配置一个认证器管理  Realm-->
    <bean id="authenticator" class="org.apache.shiro.authc.pam.ModularRealmAuthenticator">
        <!--
           认证策略
           1)：AuthenticationStrategy接口的默认实现：
           2)：FirstSuccessfulStrategy：只要有一个Realm 验证成功即可，只返回第一个Realm 身份验证成功的认证信息，其他的忽略；
           3)：AtLeastOneSuccessfulStrategy：只要有一个Realm验证成功即可，和FirstSuccessfulStrategy不同，将返回所有Realm身份验证成功的认证信息；
           4)：AllSuccessfulStrategy：所有Realm验证成功才算成功，且返回所有Realm身份验证成功的认证信息，如果有一个失败就失败了。
               ModularRealmAuthenticator默认是 AtLeastOneSuccessfulStrategy 策略
         -->
        <property name="authenticationStrategy">
            <!--自定义认证策略-->
            <bean class="org.apache.shiro.authc.pam.AtLeastOneSuccessfulStrategy"/>
        </property>
    </bean>
    <!-- Used by the SecurityManager to access security data (users, roles, etc).
         Many other realm implementations can be used too (PropertiesRealm,
         LdapRealm, etc. -->
    <!--
        3. 配置 Realm
        3.1 直接配置实现了 org.apache.shiro.realm.Realm 接口的 bean0
        两个realm 配置一个认证器
        再讲这个认证器 配置成 securityManager的authenticator的属性
    -->
    <bean id="jdbcRealm" class="com.gdbd.realms.ShiroRealm">
        <!--凭证认证加密-->
        <property name="credentialsMatcher">
            <bean class="org.apache.shiro.authc.credential.HashedCredentialsMatcher">
                <!--加密方式-->
                <property name="hashAlgorithmName" value="MD5"></property>
                <!--加密次数-->
                <property name="hashIterations" value="1024"></property>
            </bean>
        </property>
    </bean>
    <bean id="SecondRealm" class="com.gdbd.realms.SecondRealm">
        <!--凭证认证加密-->
        <property name="credentialsMatcher">
            <bean class="org.apache.shiro.authc.credential.HashedCredentialsMatcher">
                <!--加密方式-->
                <property name="hashAlgorithmName" value="SHA1"></property>
                <!--加密次数-->
                <property name="hashIterations" value="1024"></property>
            </bean>
        </property>
    </bean>

    <!-- =========================================================
         Shiro Spring-specific integration
         Shiro Spring特有的整合
         ========================================================= -->
    <!-- Post processor that automatically invokes init() and destroy() methods
         for Spring-configured Shiro objects so you don't have to

         1) specify an init-method and destroy-method attributes for every bean
            definition and
         2) even know which Shiro objects require these methods to be
            called. -->
    <!--
     4. 配置 LifecycleBeanPostProcessor. 可以自定的来调用配置在 Spring IOC 容器中 shiro bean 的生命周期方法.
    -->
    <bean id="lifecycleBeanPostProcessor" class="org.apache.shiro.spring.LifecycleBeanPostProcessor"/>

    <!-- Enable Shiro Annotations for Spring-configured beans.  Only run after
         the lifecycleBeanProcessor has run: -->
    <!--
    5. 启用 IOC 容器中使用 shiro 的注解. 但必须在配置了 LifecycleBeanPostProcessor 之后才可以使用.
    -->
    <bean class="org.springframework.aop.framework.autoproxy.DefaultAdvisorAutoProxyCreator"
          depends-on="lifecycleBeanPostProcessor"/>
    <bean class="org.apache.shiro.spring.security.interceptor.AuthorizationAttributeSourceAdvisor">
        <property name="securityManager" ref="securityManager"/>
    </bean>

    <!-- Define the Shiro Filter here (as a FactoryBean) instead of directly in web.xml -
         web.xml uses the DelegatingFilterProxy to access this bean.  This allows us
         to wire things with more control as well utilize nice Spring things such as
         PropertiesPlaceholderConfigurer and abstract beans or anything else we might need: -->
    <!--
    6. 配置 ShiroFilter.
    6.1 id 必须和 web.xml 文件中配置的 DelegatingFilterProxy 的 <filter-name> 一致.
        若不一致, 则会抛出: NoSuchBeanDefinitionException.
        因为 Shiro 会来 IOC 容器中查找和 <filter-name> 名字对应的 filter bean.
    -->
    <bean id="shiroFilter" class="org.apache.shiro.spring.web.ShiroFilterFactoryBean">
        <property name="securityManager" ref="securityManager"/>
        <!--首页加载页-->
        <property name="loginUrl" value="/login.jsp"/>
        <!--登陆成功页面-->
        <property name="successUrl" value="/list.jsp"/>
        <!--没有权限的页面-->
        <property name="unauthorizedUrl" value="/unauthorized.jsp"/>
        <!--
            登出过滤器
        -->
        <!--<property name="filters">-->
            <!--<map>-->
                <!--&lt;!&ndash;退出过滤器&ndash;&gt;-->
                <!--<entry key="logout" value-ref="systemLogoutFilter" />-->
            <!--</map>-->
        <!--</property>-->

        <!--
        	配置哪些页面需要受保护.
        	以及访问这些页面需要的权限.
        	1). anon 可以被匿名访问
        	2). authc 必须认证(即登录)后才可能访问的页面.
        	3). logout 登出.（登出（缓存很严重【例如：成功登陆一次，再去登陆页面输入错误密码同样可以登录，不会再走相关 Realm 认证：所以需要先登出】）
        	4). roles 角色过滤器'
        	5):/** = authc 除了/login.jsp（即自定义的权限页面） 的页面都需要认证
        	注意：第一次匹配优先 写在/**=authc 下载的节点配置将失效无法访问
        -->

        <!--&lt;!&ndash;-->
            <!--01.XML：手动配置权限-->
         <!--&ndash;&gt;-->
        <!--<property name="filterChainDefinitions">-->
            <!--<value>-->
                <!--/login.jsp = anon-->
                <!--/shiro/login = anon-->
                <!--/shiro/logout = logout-->
                <!--/admin.jsp = roles[admin]-->
                <!--/user.jsp = roles[user]-->
                <!--# everything else requires authentication:-->
                <!--/** = authc-->
            <!--</value>-->
        <!--</property>-->

        <!--
            02.XML：从数据库表中初始化资源和权限
         -->
        <property name="filterChainDefinitionMap" ref="filterChainDefinitionMap"></property>

    </bean>

    <!--
        配置一个 bean, 该 bean 实际上是一个 Map. 通过实例工厂方法的方式
     -->
    <bean id="filterChainDefinitionMap"
          factory-bean="filterChainDefinitionMapBuilder" factory-method="buildFilterChainDefinitionMap"></bean>

    <bean id="filterChainDefinitionMapBuilder"
          class="com.gdbd.facktroy.FilterChainDefinitionMapBuilder"></bean>

    <!--
        Shiro 权限注解测试对象 Bean
    -->
    <bean id="shiroService" class="com.gdbd.service.ShiroService"/>

    <!--
        登出过滤器
    -->
    <!--<bean id="systemLogoutFilter" class="com.gdbd.realms.SystemLogoutFilter"/>-->

</beans>
