<?xml version="1.0" encoding="UTF-8"?>
<beans xmlns="http://www.springframework.org/schema/beans"
       xmlns:xsi="http://www.w3.org/2001/XMLSchema-instance"
       xmlns:context="http://www.springframework.org/schema/context"
       xmlns:tx="http://www.springframework.org/schema/tx"
       xsi:schemaLocation="http://www.springframework.org/schema/beans http://www.springframework.org/schema/beans/spring-beans.xsd
       http://www.springframework.org/schema/context http://www.springframework.org/schema/context/spring-context.xsd
http://www.springframework.org/schema/tx http://www.springframework.org/schema/tx/spring-tx.xsd">
<!--1.数据源-->
    <bean id="datasource" class="com.mchange.v2.c3p0.ComboPooledDataSource">
        <property name="jdbcUrl" value="${jdbc.url}"></property>
        <property name="driverClass" value="${jdbc.driver}"></property>
        <property name="user" value="${jdbc.username}"></property>
        <property name="password" value="${jdbc.password}"></property>
        <property name="maxPoolSize" value="100"></property>
    </bean>

    <!--2.引入jdbc.properties-->
    <context:property-placeholder location="classpath:jdbc.properties"/>

   <!--3.sessionFactory-->
    <bean id="sessionFactory" class="org.springframework.orm.hibernate5.LocalSessionFactoryBean">
        <property name="dataSource" ref="datasource"> </property>
            <!--原来Hibernate主配置中的内容，拿过来了
            dialect
              show_sql
              format_sql
              Session
              关联小配置
            -->
        <property name="hibernateProperties">
            <props>
                <prop key="hibernate.dialect">org.hibernate.dialect.Oracle10gDialect</prop>
                <prop key="hibernate.show_sql">true</prop>
                <prop key="hibernate.format_sql">true</prop>
                <prop key="hibernate.hbm2ddl.auto">update</prop>
                <prop key="hibernate.current_session_context_class">org.springframework.orm.hibernate5.SpringSessionContext</prop>
            </props>
        </property>

        <property name="mappingDirectoryLocations" value="classpath:cn/book/entity"></property>
    </bean>
    <!--4.DAO-->
    <bean id="bookDAO" class="cn.book.dao.impl.BookDAOImpl">
        <property name="sessionFactory" ref="sessionFactory"></property>
    </bean>
    <!--5.Servvice-->
    <bean id="bookService" class="cn.book.service.impl.BookServiceImpl">
        <property name="bookDAO" ref="bookDAO"></property>
    </bean>
    <!--6.action-->
    <bean id="bookAction" class="cn.book.action.BookAction">
        <property name="bookService" ref="bookService"></property>
    </bean>
    <!--7.事务管理器-->
    <bean id="transactionManager" class="org.springframework.orm.hibernate5.HibernateTransactionManager">
       <property name="sessionFactory" ref="sessionFactory"></property>
    </bean>
    <!--8.事务-->
    <tx:annotation-driven transaction-manager="transactionManager"></tx:annotation-driven>
</beans>