<?xml version="1.0" encoding="UTF-8" ?>
<!DOCTYPE struts PUBLIC
        "-//Apache Software Foundation//DTD Struts Configuration 2.3//EN"
        "http://struts.apache.org/dtds/struts-2.3.dtd">
<struts>
    <!--我更改Struts.xml的节点，不需要重启tomcat-->
    <constant name="struts.devMode" value="true"></constant>
   <!--除非有令人信服的理由，否则package都要继承自struts-default-->
    <package name="default" namespace="/" extends="struts-default">
        <action name="addBook" class="bookAction">
            <result>/success.jsp</result>
            <result name="add">/add.jsp</result>
        </action>
    </package>
</struts>
