<?xml version="1.0" encoding="UTF-8" ?>
<!DOCTYPE mapper  PUBLIC "-//mybatis.org//DTD Mapper 3.0//EN"
        "http://mybatis.org/dtd/mybatis-3-mapper.dtd">
<mapper namespace="com.gdbd.mapper.UserInfoMapper">


    <!--
        用户登录
    -->
    <resultMap id="userMap" type="UserInfo">
        <id property="id" column="Id"/>
        <result property="userName" column="UserName"/>
        <result property="userPwd" column="UserPwd"/>
        <association property="roleInfo" javaType="RoleInfo">
            <id property="rId" column="rId"/>
            <result property="roleName" column="RoleName"/>
        </association>
    </resultMap>
    <select id="userInfo" resultMap="userMap" resultType="UserInfo">

        SELECT u.`Id`,u.`UserName`,ri.`rId`,ri.`RoleName`
        FROM `UserInfo` u,`UserRole` ur,`RoleInfo` ri
        WHERE u.`Id`=ur.`userId` AND ur.`roleId`=ri.`rId`
        AND u.`UserName`=#{name} AND u.`UserPwd`=#{pwd}

    </select>

    <!--
        查询所有角色
    -->
    <select id="roleList" resultType="RoleInfo">
        SELECT `rId`,`RoleName` FROM `RoleInfo`
    </select>

    <!--
        查询权限列表
    -->
    <select id="menuList" resultType="MenuInfo">
        SELECT `mid`,`menuName` FROM `MenuInfo`
    </select>

    <!--
        查询用户密码
    -->
    <select id="getPwd" resultType="java.lang.String">
         SELECT `UserPwd` FROM `UserInfo` WHERE `UserName`=#{name}
    </select>

    <!--
        查询用户仅有的权限列表
    -->
    <select id="getUserRoList" resultType="java.lang.String">
         SELECT m.`menuName`
         FROM MenuInfo m ,UserInfo u, UserRole ur,RoleMenu rm
         WHERE u.`Id`=ur.`userId` AND ur.`roleId`=rm.`RoleId` AND rm.`MenuId`=m.`mid`
         AND u.`UserName`=#{name}
    </select>

    <!--
        绑定权限
    -->
    <insert id="addRo">
         INSERT INTO `RoleMenu`(`RoleId`,`MenuId`)VALUES(#{roleId},#{menuId});
    </insert>


</mapper>