<?xml version="1.0"?>
<!DOCTYPE hibernate-mapping PUBLIC
        "-//Hibernate/Hibernate Mapping DTD 3.0//EN"
        "http://www.hibernate.org/dtd/hibernate-mapping-3.0.dtd">
<!--根节点-->
<hibernate-mapping package="cn.book.entity">
    <class name="Book" table="Book" schema="y2168">
        <id name="bookid" column="bookid">
            <!--底层数据库维护主键  序列   自增  -->
            <generator class="native"></generator>
        </id>
        <property name="bookname" />
        <property name="bookauthor" />
        <property name="bookprice" />
    </class>
</hibernate-mapping>
